Column1,Column2,Column3,Column4,Column5,Column6,Column7,Column8,Column9,Column10,Column11,Column12,Column13,Column14,Column15,Column16,Column17,Column18,Column19,Column20,Column21,Column22,Column23,Column24,Column25,Column26,Column27,Column28,Column29,Column30,Column31,Column32
0.063548714,0.053958736,0.05760898,0.060493365,0.06355868,0.06572463,0.067300886,0.06931509,0.07083811,0.07200027,0.07464356,0.074792154,0.07530977,0.07602944,0.07770174,0.07981455,0.07978079,0.080399364,0.07966767,0.080922924,0.08131439,0.08179514,0.08244864,0.08270281,0.082671486,0.0835892,0.08349081,0.08406495,0.08376337,0.08479485,0.083883755,0.084870696
0.06283172,0.050288748,0.05105963,0.052485365,0.05327692,0.05486135,0.05587362,0.056575272,0.057417437,0.057223845,0.05947878,0.060012203,0.060000673,0.06052197,0.0612388,0.062869236,0.0628672,0.06310738,0.06257383,0.06292138,0.0635398,0.063452534,0.0639914,0.0647255,0.06435652,0.06489487,0.06451015,0.06455692,0.06436637,0.065191366,0.064466625,0.065011255
0.05941407,0.04339361,0.045953933,0.04644342,0.048077248,0.04976265,0.05008696,0.051092744,0.05164618,0.051684484,0.053418525,0.05379499,0.054256663,0.054071344,0.05406224,0.055554245,0.05567791,0.054626197,0.05438175,0.05644235,0.055997293,0.05612791,0.05699864,0.057391647,0.056419007,0.0557542,0.057394568,0.057022598,0.056002304,0.05732292,0.056528203,0.0566528
0.059091456,0.041898534,0.044132046,0.044440784,0.046102315,0.04704682,0.04769128,0.048418533,0.049075164,0.049018055,0.050905194,0.05006104,0.04994249,0.050267268,0.050626155,0.05232734,0.05213052,0.051421303,0.05089333,0.052132655,0.052772067,0.052513823,0.05335866,0.05370288,0.052606937,0.05238213,0.053885393,0.053007647,0.05257559,0.053392246,0.052722357,0.053066265
0.05905167,0.04114468,0.04281467,0.043132976,0.044164706,0.04528557,0.045707986,0.046837438,0.047410388,0.047147065,0.048827466,0.048323017,0.04831766,0.04835099,0.04870903,0.050040342,0.049318053,0.049445532,0.048976168,0.050218355,0.050438687,0.05062993,0.05128318,0.051317923,0.050641734,0.049768236,0.051732425,0.05084309,0.050497755,0.051285032,0.050473087,0.050883614
0.059067015,0.0407339,0.04237391,0.04258809,0.043498084,0.04451519,0.044988133,0.04553972,0.046202715,0.04600856,0.04740884,0.04646555,0.04666521,0.046625655,0.047574468,0.048501447,0.04813908,0.047982186,0.047738656,0.048985556,0.04874575,0.049092416,0.04886612,0.049707565,0.04924485,0.04817392,0.04999961,0.04937368,0.048829395,0.049666278,0.048943177,0.04936758
0.05890987,0.04059359,0.041874167,0.042240147,0.04277874,0.043892317,0.044365596,0.0449579,0.045430265,0.045382805,0.046906594,0.045885883,0.045805685,0.046235602,0.046823002,0.047736466,0.04748548,0.04735964,0.047073662,0.04827518,0.04802454,0.04841409,0.04764915,0.048981626,0.048558317,0.0474987,0.049284697,0.04852142,0.048142813,0.04888911,0.048086334,0.048490614
0.05886084,0.040518373,0.041764654,0.042129956,0.042487,0.04368792,0.04408084,0.044733003,0.045049723,0.045033652,0.04629943,0.045602854,0.045471348,0.045905795,0.046179023,0.046818405,0.04707834,0.04657533,0.04656562,0.047700554,0.047475364,0.04771406,0.04710401,0.0485731,0.04804053,0.047008317,0.04866139,0.047975104,0.047493108,0.04840273,0.047530863,0.047898803
0.058813732,0.04033512,0.0411271,0.04185151,0.041996833,0.04300624,0.0436471,0.0444765,0.04456048,0.04467323,0.04586439,0.04523589,0.04518901,0.045590524,0.0458084,0.046375684,0.046668224,0.04622918,0.046135325,0.046909265,0.046991833,0.04715228,0.0467334,0.04815117,0.047536448,0.046553057,0.04818098,0.047513325,0.04709325,0.047949336,0.047050938,0.04731512
0.058759313,0.0403173,0.04082118,0.04169418,0.041759275,0.042645924,0.04333748,0.044257693,0.044322725,0.044431776,0.045507763,0.04507191,0.044817623,0.04535248,0.045429684,0.045885574,0.046378527,0.04593943,0.04586363,0.046512727,0.0465895,0.046736073,0.046386074,0.047772583,0.047234792,0.04616594,0.047755588,0.047180638,0.04676236,0.047526438,0.046691366,0.04695118
0.058750868,0.04034064,0.040812645,0.041653965,0.041727725,0.042593125,0.043235723,0.04410797,0.044105683,0.044274475,0.045351613,0.045008156,0.044701055,0.04525747,0.045249328,0.045715943,0.046220407,0.04578102,0.045661304,0.04636213,0.046361696,0.04648493,0.046116695,0.04741525,0.046963885,0.045951966,0.047406193,0.046804655,0.046537332,0.04728026,0.046435144,0.046706155
0.05875124,0.04024308,0.04075607,0.04161106,0.04161186,0.042483326,0.043090302,0.04400153,0.044028543,0.04401053,0.04520033,0.04487309,0.044606194,0.045095734,0.045101393,0.045533262,0.04597037,0.04557077,0.04549154,0.04623319,0.04615085,0.04623164,0.04592347,0.04717599,0.04671681,0.04579838,0.047191598,0.04654313,0.046310034,0.047012106,0.046273194,0.04646998
0.058734413,0.04028385,0.040737562,0.04156588,0.04157801,0.04245267,0.043054618,0.04382721,0.043800194,0.043807145,0.04496252,0.044634692,0.044415575,0.04496392,0.04492329,0.045375586,0.04589442,0.045458335,0.045360968,0.045963332,0.04601716,0.046028666,0.0457551,0.046964083,0.04650596,0.045633513,0.04696035,0.046337347,0.04615747,0.046842135,0.04610185,0.046316437
0.058679294,0.040323775,0.040733363,0.041467413,0.041485295,0.042421028,0.042989403,0.043697696,0.04357117,0.043693755,0.044847593,0.044459052,0.04424188,0.044925604,0.04484575,0.045199536,0.045809917,0.04533808,0.045210138,0.04586374,0.04585427,0.04587879,0.045650166,0.04678331,0.04636812,0.045453355,0.046803173,0.04618498,0.046042304,0.046641827,0.0459484,0.046094194
0.058646295,0.040383387,0.0405715,0.041360363,0.041376878,0.04210802,0.04288247,0.043509737,0.04336456,0.043568123,0.044675037,0.04428864,0.044098046,0.044766027,0.04432982,0.045027014,0.04565851,0.044992164,0.04505372,0.045487724,0.0457463,0.045662776,0.04555069,0.046601046,0.046113282,0.04517862,0.04657315,0.04601372,0.045760754,0.046179693,0.045665354,0.045736164
0.05866052,0.04027874,0.040531624,0.041292407,0.041260023,0.042050935,0.042824123,0.04341504,0.04327891,0.043462504,0.0446042,0.044190522,0.044055354,0.04464458,0.044264562,0.044950318,0.04560427,0.04486239,0.044948127,0.045337882,0.04560476,0.045603495,0.045402568,0.046464387,0.045992997,0.045028064,0.046443544,0.04592635,0.04571656,0.046033062,0.0455955,0.045610294
0.05861511,0.040103126,0.040329814,0.040989786,0.041173752,0.041735806,0.04269461,0.043294806,0.0431695,0.04328089,0.044267073,0.04407288,0.04381601,0.044430126,0.04383449,0.044702943,0.045327857,0.044542924,0.044582438,0.044986896,0.045395117,0.045325384,0.045154385,0.046258908,0.04577449,0.044675652,0.04615993,0.045769613,0.045473848,0.04584018,0.045407973,0.04544402
0.058606748,0.0399529,0.040164627,0.040787112,0.041042272,0.041422036,0.042482316,0.043098528,0.043065026,0.04307888,0.044040073,0.043952454,0.043639503,0.04423054,0.04364247,0.044455472,0.045191735,0.044441648,0.044492494,0.044635594,0.0452413,0.04511421,0.0450143,0.04595089,0.045589063,0.04454095,0.04597986,0.045545515,0.04525509,0.045659587,0.045210913,0.04530655
0.058576673,0.039975617,0.040181533,0.040846884,0.04102332,0.04140946,0.042416383,0.043096494,0.043031454,0.043013334,0.04394223,0.043957207,0.04362727,0.044206586,0.043648075,0.044376507,0.04520508,0.044432458,0.044510968,0.04459791,0.045214675,0.045039948,0.044978324,0.0459021,0.045492705,0.04450778,0.045924157,0.045463074,0.045181874,0.04559277,0.04513175,0.045255527
0.058561713,0.040060766,0.04020851,0.040885884,0.04103847,0.041378193,0.04240741,0.042881723,0.042815853,0.04293779,0.04368754,0.043823488,0.043523844,0.044149816,0.043376002,0.044166107,0.04514709,0.04421724,0.044468977,0.04454379,0.045043603,0.044814475,0.044712897,0.045745146,0.04540187,0.04442468,0.04579595,0.045388795,0.045046616,0.045508206,0.04504258,0.04515923
0.058547236,0.040136173,0.04023863,0.040931355,0.041047983,0.041362353,0.04240395,0.04284272,0.04276455,0.042915083,0.04367256,0.043801125,0.043478265,0.044120505,0.043368272,0.04407969,0.045133978,0.044210475,0.0444313,0.044471905,0.044975832,0.044786,0.044708483,0.04571699,0.045352414,0.044373233,0.045715977,0.045328174,0.045075584,0.0454125,0.04498568,0.045104038
0.058533996,0.040080074,0.04021835,0.040914565,0.041005366,0.041288067,0.042329293,0.042786755,0.042682555,0.04281413,0.043629084,0.043729138,0.043316368,0.043976177,0.043332655,0.043980762,0.04503214,0.044147853,0.044350643,0.044404127,0.044944633,0.044724025,0.04464038,0.04567753,0.045249306,0.044310454,0.04563357,0.045211874,0.044997066,0.045321573,0.0448896,0.045069247
0.058535665,0.039886113,0.040017042,0.040649302,0.04084415,0.041127864,0.042048268,0.042516913,0.04252207,0.042601872,0.043477718,0.043527823,0.043171044,0.043765884,0.043122068,0.043679427,0.04470482,0.043880913,0.044058733,0.044172544,0.0447199,0.044617407,0.044497292,0.0455323,0.045059398,0.044088017,0.045438673,0.045108426,0.04479544,0.04515807,0.044713248,0.04497775
0.05852638,0.039904036,0.040018223,0.040674545,0.040863767,0.041120477,0.042074423,0.042516623,0.042546026,0.04255312,0.043460563,0.043514475,0.04315935,0.043759227,0.043096486,0.043667052,0.044725187,0.043861557,0.044012114,0.04415101,0.04469611,0.04458297,0.044466507,0.04548082,0.04502728,0.04409968,0.045382608,0.045058653,0.044781055,0.04512517,0.04468501,0.044920195
0.058485486,0.039957754,0.04008526,0.040704176,0.040858608,0.041117463,0.0420829,0.04249558,0.042494714,0.04251391,0.043415587,0.043505054,0.04314403,0.04373584,0.043092865,0.043650948,0.04453571,0.04380727,0.043952193,0.044118896,0.044680733,0.04454839,0.044460364,0.045465034,0.04496695,0.044095702,0.045357667,0.045038816,0.044747476,0.04506721,0.044672713,0.04486904
0.05847599,0.03980012,0.03995042,0.040602807,0.040737458,0.041051112,0.041913904,0.042456243,0.042449076,0.042410716,0.043338414,0.04343873,0.043105654,0.04368215,0.043102644,0.043548618,0.044488605,0.043757576,0.043907903,0.044051096,0.04460043,0.044521052,0.044415504,0.04539466,0.044910513,0.044060454,0.04528346,0.044951838,0.044691514,0.04497243,0.04464847,0.044810556
0.05848389,0.039871886,0.040007584,0.040643163,0.040747378,0.041053846,0.041915886,0.042440895,0.042459477,0.042407043,0.04329262,0.043413386,0.04309968,0.043652702,0.043052368,0.043537427,0.044487905,0.04369181,0.043847267,0.044001337,0.04456749,0.04446783,0.04437111,0.045347136,0.04490996,0.044033132,0.045178834,0.04491514,0.04460778,0.044944607,0.04465071,0.044716522
0.058464948,0.03990863,0.04005913,0.04067705,0.04075232,0.04109955,0.04192386,0.042435966,0.042466145,0.042411357,0.043300476,0.043421384,0.043113727,0.04367537,0.043078527,0.043538902,0.04445361,0.04368002,0.04384616,0.044021305,0.04454685,0.044448774,0.044361394,0.045338374,0.044877995,0.04402904,0.045187477,0.044920295,0.044609684,0.044960067,0.04464751,0.04469158
0.058459856,0.039950743,0.040075094,0.04069909,0.040736414,0.041131858,0.041931853,0.042454775,0.042478893,0.04240026,0.043292485,0.043456804,0.04310744,0.04373096,0.04311217,0.04355515,0.0444725,0.04370066,0.043832224,0.04404903,0.044548716,0.044427596,0.044371583,0.045343142,0.044864576,0.04406963,0.04518935,0.044908896,0.04461834,0.044955056,0.04463659,0.04471217
0.058448292,0.04001124,0.040130224,0.04070238,0.040762033,0.041175645,0.041984502,0.042496465,0.042462032,0.042419076,0.04329636,0.043465085,0.043089524,0.04371002,0.043117523,0.043551974,0.04448853,0.04371929,0.0437922,0.04405343,0.04452375,0.044408336,0.0443389,0.04532383,0.044851415,0.04407841,0.04515631,0.044855777,0.044574328,0.04494686,0.04460414,0.04469588
0.05845086,0.04006844,0.04016009,0.040734813,0.040790014,0.041197572,0.04193472,0.04245873,0.042426027,0.042404838,0.043137737,0.043416873,0.0430827,0.04365443,0.043067195,0.043514702,0.04441785,0.04367372,0.043766696,0.044039376,0.044457823,0.044383023,0.04431767,0.045313448,0.04480841,0.04403103,0.04510493,0.044811014,0.044431485,0.044814892,0.044545986,0.04454503
0.058442157,0.040090192,0.04020876,0.040692,0.040800992,0.04116418,0.041934837,0.04236454,0.042376176,0.042355303,0.043136768,0.043302465,0.04286496,0.043597605,0.043042816,0.043495603,0.044368286,0.043644585,0.04372665,0.043975785,0.0444079,0.04433872,0.04427784,0.04525244,0.04475548,0.044034053,0.045041326,0.044755615,0.04441304,0.04478775,0.044521768,0.04450963
0.058442004,0.03996677,0.040134363,0.040636618,0.04071561,0.041139927,0.041916844,0.04236827,0.04234491,0.04230636,0.043076318,0.04325913,0.042866424,0.04357842,0.043012463,0.043467235,0.04435389,0.04361846,0.043691423,0.043932676,0.044362072,0.044303887,0.044261724,0.045226775,0.044724233,0.04399173,0.045012288,0.044727,0.044385593,0.044750355,0.04450594,0.044495016
0.05843534,0.039920162,0.04015781,0.040576562,0.040696286,0.041043833,0.041847415,0.04222359,0.04223286,0.042192694,0.042868026,0.043035574,0.042629994,0.043306623,0.042899434,0.04335262,0.044224508,0.04351973,0.0436293,0.043814898,0.04421638,0.04414366,0.043999076,0.045078933,0.044533867,0.043838818,0.044872284,0.044479653,0.044269517,0.044600412,0.044332083,0.04432036
0.05844066,0.039928798,0.040174607,0.04057404,0.04072238,0.041060664,0.041823216,0.042130418,0.042196658,0.042187456,0.042908154,0.043073982,0.042649183,0.043332305,0.04291186,0.043364763,0.04419141,0.043500848,0.043640856,0.04382834,0.044185665,0.044139184,0.04401355,0.045056827,0.04453264,0.04383618,0.044865202,0.044473663,0.044226073,0.04459119,0.04434437,0.044294994
0.05843923,0.039841887,0.040071663,0.040445037,0.04065212,0.040936526,0.041694786,0.041975517,0.04208982,0.042125273,0.042895842,0.042911913,0.042464316,0.043188963,0.042765908,0.04330086,0.044130847,0.04343341,0.043560028,0.04372092,0.044018477,0.04403188,0.04384161,0.044930283,0.044366404,0.043709397,0.044706278,0.04427249,0.044092096,0.044474013,0.04420327,0.04411898
0.058428366,0.039894156,0.040074874,0.040472686,0.0406519,0.040889315,0.04168848,0.041952312,0.042043775,0.042138934,0.042793825,0.04285114,0.042317905,0.04310684,0.042650625,0.043272458,0.044082638,0.043365296,0.043422617,0.043685034,0.04399112,0.043999936,0.043776903,0.044912793,0.04432408,0.04368814,0.04458576,0.044172164,0.044032995,0.044339713,0.044179104,0.044099633
0.058427375,0.039781388,0.0400537,0.040393773,0.040629234,0.040842075,0.04166904,0.041889694,0.04197437,0.042071495,0.042663977,0.042770844,0.04222977,0.043014836,0.042525753,0.04318966,0.04385074,0.043224607,0.043277856,0.043603763,0.04391894,0.043816738,0.04363268,0.044786394,0.044217788,0.043563988,0.0443803,0.044029217,0.043897543,0.04417442,0.04408944,0.044017844
0.05842067,0.039656878,0.039948992,0.04026992,0.040575296,0.040772703,0.04155152,0.041827243,0.041914456,0.042001296,0.042565547,0.042663783,0.04214433,0.042922862,0.042486988,0.043110613,0.043679472,0.043164052,0.043193053,0.043522604,0.043735214,0.04375124,0.04356825,0.044661883,0.044118118,0.043487106,0.044278376,0.043993656,0.043814886,0.04407352,0.04403287,0.043963403
0.05842201,0.039635576,0.03991787,0.040229462,0.040572733,0.040721543,0.041515958,0.041814126,0.041875813,0.04197852,0.04252022,0.04260123,0.042068187,0.042878363,0.04241299,0.043074522,0.04360959,0.043114632,0.04310947,0.043444507,0.043696295,0.043697257,0.043530617,0.044632975,0.044062342,0.043404076,0.044205647,0.043960992,0.043766923,0.044038884,0.043980718,0.04390571
0.05842474,0.03960477,0.039846808,0.040172208,0.04053397,0.040659424,0.041466027,0.041793242,0.041835785,0.041929115,0.04243726,0.04254823,0.041991714,0.042831905,0.04234319,0.043021906,0.043570608,0.04308152,0.043060098,0.043369185,0.0436498,0.043651763,0.043498155,0.044542547,0.043995883,0.043369535,0.044128004,0.043910377,0.043722216,0.04399996,0.043931913,0.043857418
0.05843369,0.039531235,0.03975265,0.040092345,0.040444024,0.04056435,0.041354217,0.041719258,0.04177519,0.041859426,0.042303644,0.042419326,0.04191891,0.042683177,0.0422241,0.04291768,0.04342175,0.0430052,0.04294607,0.04330331,0.04349247,0.04352255,0.043365154,0.04437608,0.0438862,0.043267474,0.04402961,0.043785926,0.043653287,0.043896172,0.043848723,0.043779366
0.05843266,0.039556954,0.0397755,0.04011634,0.040477023,0.04058955,0.04137413,0.041754063,0.041804858,0.04187672,0.042285286,0.042427074,0.041923612,0.042694665,0.04217678,0.042927884,0.043427393,0.043007717,0.0429451,0.043303657,0.043517523,0.043535642,0.043377012,0.04436491,0.04389038,0.043285575,0.044040877,0.043813262,0.043653026,0.043902583,0.04383371,0.04377853
0.058430072,0.039549246,0.039774347,0.040111206,0.0404615,0.040592007,0.04139286,0.04175685,0.041805528,0.041892216,0.042281587,0.042425953,0.041939482,0.04272735,0.042196356,0.04293648,0.043459233,0.04300495,0.042964812,0.04329984,0.043514017,0.043526728,0.043397564,0.04437986,0.043895483,0.043268126,0.044034425,0.043790307,0.043659516,0.043889314,0.043837424,0.043785013
0.058429543,0.039557416,0.039780576,0.04010041,0.040468927,0.04058,0.041415334,0.041763943,0.041825786,0.04189743,0.042299505,0.042426314,0.041954227,0.0427314,0.04219354,0.042948786,0.04347806,0.04302875,0.042961974,0.043317486,0.043531906,0.043519527,0.043417603,0.044388626,0.0439135,0.043291707,0.044041265,0.043810796,0.043674566,0.043900654,0.043827835,0.04379917
0.05843145,0.039590396,0.0398038,0.0401341,0.040475942,0.04060105,0.04142056,0.04173292,0.041813962,0.041895952,0.04223766,0.042412415,0.04195428,0.04272668,0.04218693,0.04294803,0.043409448,0.042965088,0.042906485,0.043307006,0.04351105,0.043523517,0.043404207,0.044392973,0.04385017,0.04328804,0.044042435,0.04369632,0.043597903,0.043825366,0.043791883,0.043720078
0.05843489,0.039532702,0.03973099,0.04008,0.040443238,0.040571492,0.041370884,0.041733038,0.041788854,0.0418579,0.042227354,0.042370945,0.04193782,0.042716607,0.04216832,0.042906575,0.04338203,0.042923085,0.04289247,0.043287717,0.043467414,0.043498874,0.043384343,0.0443698,0.043799926,0.043228835,0.044004228,0.043671854,0.04357372,0.04379846,0.04373236,0.04370436
0.058438603,0.039568692,0.039762925,0.040115718,0.040465675,0.040579915,0.041360594,0.041713186,0.041777678,0.041872796,0.042181537,0.042380027,0.04190825,0.04268637,0.04214812,0.04292008,0.04332367,0.042871922,0.042878516,0.04323249,0.043482464,0.043437615,0.043313198,0.04431397,0.043798827,0.043149017,0.04393288,0.043675404,0.043529447,0.043722548,0.04366755,0.04364158
0.058444787,0.039504714,0.03967632,0.040016286,0.040397573,0.04048842,0.04124417,0.04163692,0.041744236,0.04182722,0.04208281,0.042251665,0.041831158,0.042540837,0.04205965,0.04284017,0.04320488,0.04282419,0.042775493,0.043155443,0.043394435,0.043331556,0.043200895,0.04418823,0.0437378,0.043058287,0.043878425,0.043598946,0.04346028,0.043654535,0.043599207,0.043584425
0.058442548,0.039528705,0.03969492,0.040040657,0.04040084,0.04052178,0.041264057,0.041669875,0.041751835,0.041841947,0.042103026,0.04225308,0.04184977,0.04256678,0.04205061,0.042840883,0.043224357,0.04284201,0.042794358,0.043183297,0.043423552,0.043357607,0.043236982,0.044196133,0.04371913,0.043065358,0.043878317,0.043609668,0.043474272,0.043669194,0.04360469,0.04359122
0.058428995,0.039474156,0.039678708,0.040038455,0.040373273,0.04051889,0.041258767,0.04168351,0.04174251,0.04182555,0.042100944,0.042247463,0.04186724,0.042573184,0.042056214,0.042845212,0.043248255,0.04284863,0.04278497,0.04317725,0.043417353,0.043372072,0.043247007,0.044191256,0.043714244,0.043075353,0.04386915,0.043616872,0.04345804,0.043674108,0.04361668,0.043586887
0.05841766,0.039505694,0.039690662,0.040062632,0.04037703,0.04050115,0.04124527,0.041622683,0.0416894,0.04181426,0.042070374,0.042204414,0.041842032,0.04256206,0.04205205,0.04282732,0.04325941,0.042840444,0.042776726,0.04311695,0.043395806,0.043364305,0.04324299,0.044143144,0.043637354,0.04308267,0.043829963,0.04351626,0.04339612,0.043607693,0.043544985,0.043562826
0.058421906,0.039468426,0.039688803,0.04004955,0.04037147,0.04049878,0.041216526,0.041577186,0.041641228,0.041770823,0.042048406,0.042120457,0.041808654,0.04247981,0.041990425,0.042804338,0.043218523,0.042780243,0.042699974,0.0430713,0.04337804,0.043270994,0.043158937,0.044093505,0.043581158,0.04303259,0.043766044,0.043419026,0.04333861,0.0435408,0.043485414,0.043495417
0.05842833,0.03941397,0.039640065,0.040017847,0.040343583,0.040476743,0.041191414,0.041545067,0.041625254,0.041733496,0.04203752,0.042092808,0.041803066,0.042454384,0.041973993,0.04276934,0.043194786,0.04274579,0.042654082,0.043031156,0.043326713,0.04324559,0.04313521,0.04405968,0.043550808,0.0429813,0.04374774,0.043388154,0.043317724,0.04351287,0.043460105,0.043455325
0.05842695,0.039436046,0.03966959,0.040057592,0.040384207,0.04048199,0.041191358,0.041549087,0.04160581,0.041728,0.042012516,0.042107604,0.041801438,0.042427372,0.041966412,0.04277026,0.043170758,0.04271058,0.042671558,0.043023936,0.04331471,0.043206878,0.04307337,0.04403203,0.043549627,0.042918626,0.043701235,0.043369927,0.043289598,0.043468934,0.043412846,0.043422937
0.05843005,0.039425574,0.03968817,0.040066227,0.040390436,0.040473312,0.04118244,0.041509762,0.041581854,0.041695453,0.04198511,0.042038128,0.041765608,0.042347107,0.041972164,0.04273554,0.043147076,0.0426875,0.042652924,0.043004617,0.043284513,0.043184895,0.043023426,0.043982238,0.04351436,0.042871624,0.043669604,0.04334902,0.043266717,0.043441515,0.043388903,0.04338778
0.05841689,0.039446387,0.03968625,0.040068746,0.0404047,0.04047409,0.04119045,0.041503437,0.041573867,0.041679744,0.04199046,0.042037554,0.04173331,0.04234209,0.041975323,0.04274021,0.043147083,0.042691182,0.04263935,0.043003995,0.043289263,0.04319234,0.043026183,0.043978103,0.043506358,0.04287635,0.043654066,0.04333387,0.04327303,0.04343823,0.043366935,0.04339404
0.05842306,0.039431218,0.039662722,0.040044185,0.040400654,0.04044796,0.04117708,0.0414619,0.041542575,0.04164023,0.04197682,0.041980013,0.041694593,0.04228531,0.041943286,0.04269376,0.043130774,0.042657122,0.04262167,0.04296062,0.043264996,0.043100223,0.042974673,0.04393717,0.043467607,0.04284373,0.043627772,0.04327587,0.043220848,0.04341214,0.04334365,0.04332531
0.05843078,0.039414957,0.039648402,0.040022075,0.040390883,0.0404178,0.041136626,0.04140603,0.0415056,0.041604396,0.04194942,0.04192491,0.041668,0.04221078,0.041883856,0.042668942,0.043096557,0.042624738,0.042580094,0.042914208,0.04321331,0.043053053,0.042924084,0.043910917,0.04343308,0.04278677,0.043572906,0.04321407,0.043207105,0.043358605,0.04329583,0.043264113
0.05840427,0.039361086,0.039581716,0.039956838,0.040316056,0.040377896,0.04107541,0.04138391,0.04148567,0.04157433,0.04192245,0.041881137,0.04165409,0.042168543,0.04185624,0.04262659,0.043012712,0.04260759,0.04252959,0.042880323,0.043182727,0.04304378,0.042906683,0.043866508,0.04341223,0.042736843,0.043556716,0.043192163,0.043176714,0.043325745,0.043257512,0.0432194
0.058390632,0.03932957,0.039572675,0.03993608,0.040295076,0.040366694,0.041082915,0.041392945,0.041494474,0.041577674,0.04194209,0.0418767,0.041665226,0.04218449,0.041850712,0.04263347,0.043013807,0.042595416,0.042541523,0.0428819,0.04317168,0.043033697,0.042918585,0.043864172,0.043410268,0.042742163,0.043555472,0.043195635,0.043170635,0.043346133,0.04325647,0.04322839
0.058397334,0.03929704,0.03953707,0.039904904,0.040272497,0.040349245,0.041063167,0.041379526,0.041473486,0.04156488,0.041931335,0.04186263,0.041657377,0.042169742,0.04184299,0.042627916,0.042989396,0.042571843,0.042528186,0.042865332,0.043128885,0.04302196,0.042906024,0.04384249,0.043385644,0.042711485,0.043522343,0.043192737,0.043168955,0.04334045,0.043233518,0.04320935
0.05840348,0.039297912,0.039548744,0.039896388,0.04028521,0.04032987,0.041067865,0.041359186,0.041464895,0.041537702,0.04190309,0.041821998,0.041616753,0.04211539,0.041798946,0.042610765,0.04298202,0.042522546,0.04247541,0.042842966,0.043119684,0.04297064,0.042849842,0.043802157,0.04335109,0.042698327,0.043492008,0.043118197,0.043138254,0.04329595,0.043181874,0.04316595
0.05839212,0.039268784,0.039513666,0.039868075,0.04025518,0.040308233,0.04105089,0.04134911,0.041451678,0.04152023,0.041886117,0.041818,0.041621827,0.04211652,0.04179309,0.042603232,0.04298379,0.042532433,0.04246416,0.042814825,0.043116614,0.042971894,0.04284673,0.043791234,0.04335652,0.04270706,0.04348767,0.04310614,0.043125503,0.04327708,0.04316487,0.04317382
0.05839994,0.039254904,0.03948223,0.03985371,0.04024413,0.04028223,0.041013397,0.04130242,0.041413255,0.041480176,0.041838985,0.04176548,0.041587353,0.04205638,0.04174865,0.042542312,0.04294303,0.042474907,0.04240331,0.04275012,0.043044128,0.042913545,0.042776216,0.043758202,0.043307327,0.04265541,0.043419313,0.043061353,0.043088418,0.0432481,0.043096013,0.043138508
0.058397487,0.039239936,0.03948644,0.039853763,0.04025663,0.04028488,0.041028336,0.041318312,0.04142221,0.041483633,0.04184954,0.041755896,0.04158846,0.042067494,0.041759465,0.04254548,0.042943813,0.042492248,0.042397708,0.04275025,0.043045424,0.04291865,0.04277095,0.04376035,0.0432952,0.042671934,0.043429356,0.0430658,0.04308499,0.04324708,0.04310712,0.04314368
0.0583939,0.03922524,0.039478492,0.039847292,0.040245123,0.040288806,0.041038886,0.04132277,0.041433413,0.04149405,0.041862532,0.041762993,0.04158996,0.042081296,0.041767407,0.042561695,0.042947035,0.04248953,0.04240258,0.04274738,0.043055113,0.042932916,0.04278055,0.043765627,0.04329339,0.04267676,0.043430828,0.043066133,0.043091524,0.04325618,0.043113723,0.043155394
0.058387697,0.039229847,0.039482277,0.03985073,0.04026026,0.04028994,0.04105208,0.04133235,0.04143646,0.04150425,0.041873004,0.041763674,0.041601498,0.04210709,0.041760866,0.042582944,0.04296158,0.04250146,0.042405657,0.042749237,0.043072604,0.042940445,0.04277296,0.043766115,0.04328899,0.042682663,0.043436058,0.043081895,0.04310744,0.043263093,0.043126047,0.043175586
0.0583789,0.039240614,0.039498266,0.03988164,0.040276323,0.040296752,0.041066844,0.041339755,0.0414476,0.04152348,0.041891675,0.04178328,0.04160537,0.042114712,0.04176675,0.04260604,0.042982787,0.042510707,0.042414047,0.042772483,0.043088637,0.042943474,0.042774778,0.04378281,0.043295715,0.042683773,0.043435473,0.04309134,0.04311081,0.043272685,0.04313657,0.043191634
0.058372363,0.03920865,0.039454248,0.03983824,0.04022813,0.040270228,0.041011546,0.041308723,0.041438047,0.041496336,0.041895658,0.041770555,0.041600753,0.0420999,0.041765813,0.042589646,0.042926744,0.042502385,0.04239746,0.042759676,0.043068822,0.04294002,0.042776767,0.043766372,0.04328827,0.042666424,0.04342008,0.04307607,0.04309541,0.043255292,0.043127134,0.043154933
0.058367345,0.03919994,0.03945038,0.039846353,0.040237874,0.04027294,0.041015424,0.041325014,0.04144473,0.04151166,0.041913413,0.041787162,0.041613664,0.04209935,0.041780204,0.042602967,0.042942815,0.042521,0.04240953,0.04276669,0.043082245,0.042944897,0.042793263,0.04377381,0.04329689,0.042685196,0.043412738,0.043093294,0.043110337,0.043270327,0.04312444,0.04316742
0.058360863,0.039216105,0.039472163,0.03987001,0.04025576,0.040295675,0.041021846,0.041327506,0.041451287,0.041520447,0.041920964,0.041811723,0.041629393,0.0421198,0.041802716,0.042619552,0.04296491,0.04253175,0.04243063,0.042783502,0.043087125,0.042954113,0.042810302,0.043775667,0.04330858,0.042688332,0.04342306,0.0431044,0.043112155,0.04327662,0.043131728,0.043168213
0.05834628,0.039232105,0.039494555,0.039870895,0.040257506,0.040301166,0.04103226,0.041300848,0.041413564,0.0415119,0.041880954,0.04179354,0.04162012,0.04211038,0.04178507,0.042617433,0.04295924,0.042503074,0.042408247,0.042786732,0.043057952,0.042950854,0.042792022,0.04376809,0.04329953,0.04265966,0.043411873,0.04309649,0.043091334,0.0432783,0.04312027,0.04315011
0.05834443,0.039240565,0.039506767,0.03988482,0.040270116,0.040309377,0.04105104,0.04131214,0.041422155,0.041518237,0.041886296,0.041816924,0.041626498,0.042125247,0.04179909,0.04262701,0.042970106,0.04251407,0.042422585,0.04279816,0.04307233,0.042962763,0.042792797,0.043773387,0.0433139,0.042654764,0.043431673,0.043120652,0.04310496,0.04328664,0.043136947,0.043163244
0.058349855,0.03922015,0.039468627,0.039865553,0.04024289,0.040269416,0.04098006,0.041269153,0.04138032,0.04147609,0.041887797,0.04177384,0.041593585,0.04205387,0.04177021,0.042569716,0.04289968,0.042466402,0.042365316,0.042742506,0.043022055,0.04288871,0.042721596,0.043694258,0.043266077,0.042603027,0.04335732,0.043073516,0.04305283,0.04322556,0.04308353,0.043111283
0.058355123,0.039215483,0.039455328,0.03984687,0.040250435,0.04024989,0.04094822,0.04122067,0.041347113,0.04144061,0.0418633,0.041732814,0.041554127,0.04200076,0.041721687,0.042527534,0.042882714,0.042437978,0.042344384,0.04268733,0.0429903,0.04282559,0.042658303,0.043629035,0.043220963,0.042574953,0.04330694,0.043025833,0.04302387,0.043154642,0.043035164,0.043077704
0.058348462,0.039218504,0.039465364,0.039836366,0.040254842,0.04025245,0.04094597,0.041223377,0.041335545,0.041440874,0.041860685,0.041728683,0.04155208,0.041991986,0.04170871,0.042527184,0.04287625,0.04241272,0.042314656,0.042675897,0.042977482,0.042796295,0.042637218,0.04363291,0.043217007,0.04256982,0.043289118,0.04302947,0.04300212,0.043150082,0.04303856,0.04305481
0.058345824,0.03918837,0.039440528,0.039807692,0.040224902,0.040235914,0.04089992,0.041203,0.041326538,0.041433856,0.04186195,0.04172931,0.041553907,0.041993838,0.0416933,0.042507194,0.042881794,0.042419225,0.04231497,0.042677924,0.042971052,0.04279978,0.04263911,0.043634545,0.043213006,0.042565737,0.04328598,0.043038283,0.04299937,0.04314835,0.04303709,0.043054223
0.058345564,0.039200217,0.039458875,0.039828088,0.04024883,0.040253248,0.040915865,0.041218866,0.04133889,0.041450992,0.041885234,0.041751496,0.041556653,0.04201851,0.04171167,0.042517003,0.04287909,0.042428993,0.04231947,0.04269854,0.042989727,0.042810254,0.042658605,0.043641966,0.043223653,0.042580042,0.043297883,0.043057207,0.043021914,0.043154232,0.043051127,0.043063138
0.058340516,0.039219484,0.039477855,0.03984925,0.040274926,0.040264938,0.040932696,0.041226614,0.041348275,0.041458547,0.041891653,0.041752413,0.041569762,0.042033397,0.04172825,0.042533357,0.042892534,0.042442344,0.04232956,0.04272686,0.04299553,0.042819977,0.042675644,0.043631908,0.043227535,0.042603582,0.04330106,0.043060135,0.043025464,0.043167274,0.043066613,0.04308123
0.05833772,0.039234065,0.039494544,0.039856352,0.040296577,0.040280953,0.040953465,0.041232973,0.04135863,0.0414745,0.041903477,0.041764278,0.041577596,0.042043176,0.041735016,0.042541474,0.042907767,0.042453967,0.042337123,0.042736072,0.042999126,0.042838763,0.042674832,0.04363925,0.04323987,0.042610407,0.043301027,0.04307033,0.04303201,0.04317774,0.043075297,0.04308186
0.058331076,0.039211683,0.03950873,0.039872285,0.040308792,0.04029299,0.04096028,0.041236725,0.04135844,0.04148029,0.041919958,0.041768916,0.041573074,0.042051762,0.041748684,0.04254382,0.042909496,0.042454563,0.04233064,0.042739186,0.043007027,0.042834554,0.042685796,0.043648224,0.04324784,0.042617597,0.04330862,0.04308069,0.043033965,0.043188572,0.043091368,0.04309127
0.058335874,0.03920988,0.039506845,0.039850954,0.040325344,0.04027156,0.040954158,0.041234918,0.04135185,0.04147054,0.041902218,0.041745916,0.04154404,0.042002916,0.04171358,0.042529132,0.042863823,0.042422894,0.04229086,0.042704914,0.042978745,0.042796638,0.042669673,0.043635305,0.043235924,0.042595904,0.043271713,0.043074436,0.043011054,0.04317325,0.043098968,0.04308668
0.05833948,0.039224084,0.039488565,0.03985556,0.04031793,0.040263023,0.04094456,0.041231614,0.0413416,0.041460674,0.041885268,0.041745447,0.04154304,0.042006608,0.04169419,0.042504456,0.04287322,0.042423308,0.042293236,0.042707965,0.042980324,0.04278858,0.042675607,0.043629304,0.043242395,0.042599946,0.043272264,0.043075882,0.04301159,0.04317046,0.043099236,0.0430763
0.05833437,0.039227903,0.039494984,0.039858777,0.04031301,0.040271014,0.040953293,0.04124106,0.04135054,0.04146304,0.041892406,0.04174903,0.041544538,0.042012785,0.041697945,0.04251953,0.04288078,0.04243151,0.04230623,0.042716246,0.042989895,0.042792622,0.042686213,0.04363899,0.0432495,0.04261,0.04327139,0.043080453,0.04301776,0.04317903,0.043103825,0.043085396
0.05833441,0.039243698,0.039497193,0.03987395,0.04032252,0.04027363,0.040968917,0.041256744,0.04135699,0.041478496,0.041910995,0.041767087,0.041559704,0.042035036,0.041711416,0.042527005,0.042897742,0.0424438,0.04232917,0.042731687,0.042991836,0.042807158,0.04268975,0.043639902,0.043263875,0.04262135,0.043286305,0.04308622,0.043028615,0.043190546,0.04311119,0.04308866
0.058330044,0.039235752,0.039496,0.039861817,0.04031705,0.040285695,0.040971834,0.041256048,0.041368045,0.0414842,0.04191409,0.041770395,0.041553453,0.042042375,0.04170023,0.042525277,0.042907484,0.04243999,0.042316988,0.042731397,0.042992473,0.042795822,0.042677168,0.04363335,0.043265954,0.042610355,0.04327854,0.043068662,0.043022916,0.04317854,0.04310868,0.043067716
0.058329266,0.03925012,0.03950563,0.03987273,0.040326707,0.040301956,0.040982723,0.041271575,0.041379623,0.04149108,0.041930825,0.041785702,0.041549873,0.042061046,0.04170916,0.042534,0.04292114,0.04244446,0.042332288,0.042729937,0.04300117,0.042805176,0.042685967,0.043649737,0.043273665,0.04261914,0.043283958,0.04308216,0.043032695,0.04319568,0.04310417,0.04307508
0.058330003,0.03925701,0.039519176,0.03987586,0.040338024,0.04031773,0.040990695,0.041278075,0.041390102,0.041508377,0.041937336,0.04180103,0.041560568,0.042077925,0.04172374,0.04254426,0.0429355,0.04245661,0.042344533,0.04274354,0.043009255,0.042819507,0.0426967,0.043665603,0.04327472,0.04263447,0.043298535,0.043088432,0.04304392,0.04320399,0.04311469,0.043075133
0.058328047,0.03926485,0.039523754,0.039878514,0.040326294,0.04033376,0.04099612,0.04128098,0.04139336,0.041513644,0.041942935,0.04180379,0.041568056,0.042098276,0.041738376,0.04254849,0.04295384,0.042469177,0.042352706,0.042758532,0.043020517,0.04283417,0.04270731,0.043676097,0.04328241,0.04263928,0.043308016,0.043093275,0.04305659,0.043221075,0.043124974,0.043077327
0.05833055,0.039241143,0.039474756,0.039847665,0.04028065,0.040297903,0.040937718,0.0412575,0.041377343,0.041485,0.041905753,0.04175596,0.041529287,0.04203608,0.04170492,0.042484466,0.042897884,0.04244042,0.042321745,0.04273248,0.042979587,0.042782933,0.042664777,0.043610856,0.043277536,0.042608827,0.043284807,0.043091543,0.043033678,0.04318694,0.043112867,0.043052886
0.05831628,0.039255153,0.03947043,0.039850455,0.04028935,0.040309206,0.040944684,0.041260816,0.041377496,0.04149223,0.04191323,0.04175952,0.04152996,0.04204835,0.041709784,0.04247634,0.042909946,0.04243464,0.04233649,0.042735323,0.042980615,0.04279775,0.042671718,0.04362253,0.04327554,0.042620618,0.043290913,0.043097056,0.043036897,0.043200497,0.043116186,0.04306427
0.058314916,0.039264087,0.03947989,0.039853673,0.04028645,0.04032586,0.040944315,0.041254558,0.04137011,0.041490007,0.04192283,0.041766617,0.041538045,0.042056177,0.041718718,0.042475834,0.042931557,0.042441007,0.04234725,0.042750813,0.04299723,0.042795833,0.042669848,0.043638222,0.043276053,0.042631257,0.043307602,0.043111566,0.043044996,0.0432042,0.04312398,0.04305724
0.058313545,0.03923556,0.039448027,0.039831657,0.040250123,0.040293027,0.040901948,0.041237704,0.041366242,0.041460864,0.0419071,0.041744255,0.041529577,0.042039867,0.04170439,0.042465065,0.042885102,0.042428445,0.042320672,0.04272931,0.042955507,0.04275562,0.042654842,0.043584123,0.043241467,0.04262553,0.043287784,0.043073557,0.043015487,0.043194324,0.043117877,0.043037888
0.058312178,0.03924381,0.039442226,0.03982802,0.04023822,0.0402815,0.04090026,0.041224584,0.041361075,0.041454457,0.041911162,0.041737705,0.041524637,0.04204059,0.04169799,0.04247482,0.042883076,0.042424142,0.04230719,0.042743005,0.042955533,0.04275103,0.042662263,0.043586794,0.043238796,0.042625863,0.04329366,0.04307977,0.0430211,0.04320205,0.0431101,0.04304523
0.05831246,0.03924145,0.03944001,0.039832912,0.040225618,0.040285792,0.04090736,0.041224495,0.041360453,0.04145521,0.04191251,0.041745026,0.04152518,0.042046737,0.04170729,0.042487934,0.042889275,0.04242018,0.042295463,0.042740192,0.042967036,0.042748857,0.04266308,0.043594997,0.04324297,0.042631898,0.04330641,0.043091685,0.04303579,0.04320049,0.043124855,0.04305489
0.058313433,0.039239686,0.039445765,0.039834045,0.040207896,0.040294375,0.040908437,0.041233666,0.041362025,0.04145306,0.041916627,0.041749485,0.041536756,0.042062867,0.04172102,0.042487532,0.042893253,0.042420015,0.042297307,0.042744055,0.04297868,0.042755038,0.04268247,0.04360572,0.043254424,0.042635318,0.043317772,0.043091826,0.043036,0.043215893,0.043132607,0.043061487
0.058315124,0.039212063,0.03942586,0.039816905,0.040163428,0.04026403,0.040856913,0.04120568,0.041340835,0.041432515,0.04187539,0.041713633,0.041507136,0.042020265,0.041689537,0.042441927,0.042830173,0.042394705,0.04226623,0.042710915,0.04294153,0.04271647,0.042641632,0.043542016,0.043231383,0.042600058,0.04329651,0.043064352,0.04301918,0.04318687,0.043122884,0.04305313
0.058317948,0.039223406,0.039442,0.039830882,0.040175594,0.040274374,0.040862847,0.041209407,0.041339956,0.04142691,0.041882735,0.04172052,0.0415119,0.042032853,0.041692708,0.042448502,0.042828087,0.042393222,0.042274196,0.04272188,0.04294147,0.042725336,0.042642374,0.043538183,0.04323385,0.042606395,0.043293945,0.043057524,0.04301913,0.043190006,0.04313036,0.043061204
0.05831597,0.03922972,0.03944628,0.03982733,0.040184435,0.04027187,0.040862866,0.041199077,0.041340854,0.04141102,0.041881334,0.041718382,0.041486464,0.04202725,0.041664075,0.04244088,0.042819027,0.042368896,0.04224746,0.042700186,0.042930737,0.042684365,0.04262296,0.043521166,0.04324015,0.04259431,0.04327729,0.0430585,0.043014042,0.0431849,0.04312663,0.043056984
0.058312405,0.039207306,0.039438818,0.039817132,0.04016691,0.04027061,0.04085903,0.041187763,0.041338842,0.041402448,0.041880123,0.04171925,0.041495223,0.042030282,0.041657887,0.042439494,0.042816874,0.04236409,0.04224075,0.04269193,0.0429308,0.042665582,0.042627707,0.043524247,0.043245398,0.04259334,0.04328768,0.043064877,0.043012165,0.043195266,0.043131635,0.043059364
0.05830767,0.03921824,0.039439656,0.03982232,0.040160254,0.040278118,0.040858924,0.041190904,0.04134415,0.04140774,0.041884195,0.04172769,0.04149644,0.042042725,0.041661553,0.042439412,0.042823866,0.042363733,0.042250983,0.04270304,0.042937145,0.04266267,0.042636964,0.04352341,0.043237578,0.042603772,0.043289986,0.043055464,0.043005425,0.043173097,0.043124296,0.043055076
0.05829986,0.03923682,0.03944834,0.039835386,0.040168714,0.04028886,0.040860426,0.041199997,0.04133843,0.041413937,0.04189247,0.041734334,0.041491874,0.04205105,0.041666426,0.042444043,0.042833727,0.042380437,0.04225578,0.04270867,0.042945445,0.042661782,0.04264052,0.04352965,0.043243542,0.042610515,0.0432953,0.043069273,0.04301321,0.043169722,0.043124616,0.04305963
0.05829744,0.0392314,0.039447237,0.039823152,0.040149726,0.040292848,0.040866867,0.041204695,0.041337524,0.041421905,0.0418997,0.04173859,0.041495252,0.04206192,0.04167499,0.04244855,0.042844284,0.0423806,0.04227065,0.04271876,0.04294331,0.042671397,0.042650174,0.04353231,0.043249574,0.042619303,0.043285325,0.043077704,0.043015197,0.043178186,0.0431362,0.04306776
0.058296584,0.039235864,0.039452046,0.03981655,0.04015614,0.040300597,0.040878315,0.041219473,0.041344594,0.041440643,0.04191357,0.041752342,0.041497856,0.042078085,0.041688923,0.042467628,0.042854086,0.04238609,0.042277936,0.0427272,0.042953692,0.042678956,0.04265146,0.04353816,0.043256003,0.0426285,0.04329125,0.043089654,0.043028966,0.043186475,0.043142326,0.043083064
0.05829579,0.03922199,0.039452113,0.039808147,0.040148646,0.040295754,0.04088969,0.04122755,0.041340847,0.041433204,0.04191474,0.041755177,0.041508496,0.04208337,0.041683786,0.042471886,0.042862426,0.04239362,0.04228257,0.0427215,0.042954925,0.042682525,0.042658113,0.043540742,0.043264136,0.04263354,0.04329211,0.043092687,0.043025464,0.043182373,0.04314857,0.043081287
0.05828985,0.03921321,0.03944948,0.03981179,0.04015584,0.040295977,0.04089417,0.04122767,0.04134907,0.041440215,0.041920397,0.041762266,0.041518077,0.04208783,0.041689176,0.042487644,0.04286911,0.04239868,0.042288937,0.04272279,0.04296603,0.042689852,0.042668775,0.043550253,0.043267976,0.042637277,0.043306034,0.043092676,0.043034147,0.04319067,0.043152694,0.04308552
0.058287956,0.039206255,0.039444353,0.039811425,0.040139224,0.04029791,0.040892128,0.041220658,0.041341845,0.041449167,0.041924518,0.041761737,0.041525584,0.04209555,0.041694198,0.0424903,0.042874306,0.04239833,0.042295724,0.0427256,0.04297684,0.042693626,0.04267549,0.043545496,0.043272607,0.04264534,0.043311037,0.043098744,0.043037064,0.043195132,0.043153793,0.04309202
0.058289353,0.0392152,0.039456066,0.03982214,0.040151536,0.040303495,0.040903438,0.04123032,0.041353207,0.041462064,0.041938037,0.041768488,0.041525852,0.04211541,0.041707847,0.04249686,0.042881697,0.042399447,0.042308144,0.042737454,0.042984873,0.042707287,0.042690776,0.043551855,0.04327803,0.042658158,0.043319333,0.043104734,0.043047883,0.043203227,0.04316991,0.04310516
0.058290526,0.03921903,0.039461687,0.039820276,0.040151533,0.040311992,0.0409119,0.04123395,0.04135217,0.041473333,0.041946005,0.04177276,0.041534275,0.042131726,0.041717947,0.042511534,0.042891324,0.04240575,0.042315394,0.04274256,0.042990983,0.042722456,0.042696618,0.043559667,0.04327964,0.04266278,0.04331959,0.043111816,0.04305258,0.043212432,0.043165397,0.043109402
0.058288895,0.039231215,0.039476033,0.03982875,0.040161144,0.040326826,0.04092524,0.04124544,0.04135807,0.041471757,0.041952725,0.041783355,0.041537933,0.042137552,0.04172024,0.042521577,0.04290158,0.04241717,0.042327013,0.042754125,0.04299845,0.04272125,0.042714447,0.04355935,0.043296486,0.04267184,0.043329388,0.04312404,0.043053765,0.04322372,0.043169074,0.043109562
0.058287304,0.03923871,0.039481107,0.03983221,0.040155243,0.04034307,0.040925927,0.041240733,0.0413563,0.041464403,0.041957792,0.041774955,0.04153164,0.042146318,0.041725554,0.04253625,0.04291344,0.042418055,0.042333763,0.042754997,0.04299232,0.04272764,0.04272327,0.04356453,0.043297905,0.04267764,0.043336753,0.043133315,0.04305864,0.043229785,0.043177683,0.04311736
0.058289334,0.039242644,0.039487284,0.039841596,0.040149976,0.040352378,0.040928625,0.041248653,0.041359283,0.041462842,0.041968923,0.041786253,0.041529518,0.04216465,0.041732494,0.042544186,0.042921036,0.042424526,0.042343512,0.042763624,0.043008454,0.042738136,0.042724654,0.04356703,0.04330868,0.042683825,0.04334576,0.043142408,0.04306497,0.043239955,0.043186676,0.043128
0.058283567,0.03923724,0.039489735,0.039839447,0.040159687,0.04035487,0.040935617,0.041242786,0.04134798,0.041464772,0.041957468,0.04179366,0.041527834,0.042172614,0.04172371,0.042548273,0.042920258,0.042427246,0.042344164,0.04276621,0.04302032,0.04274797,0.042735394,0.043575697,0.043312002,0.042690426,0.043351516,0.04314751,0.04306502,0.043238126,0.04318447,0.043137185
0.058280632,0.039252855,0.039502315,0.039847814,0.040167052,0.040359788,0.040943712,0.041247588,0.041344687,0.041465394,0.04194857,0.041792117,0.04152709,0.04217475,0.041704327,0.042552672,0.042920265,0.042436317,0.04234545,0.042769123,0.04302001,0.04274551,0.042727392,0.043578826,0.043316323,0.042698808,0.043355424,0.043144666,0.04306934,0.043242287,0.04318646,0.043145757
0.05828335,0.03925528,0.03950696,0.039850112,0.04017077,0.040354047,0.04094568,0.04124763,0.04134798,0.041466054,0.04194387,0.041800067,0.041534457,0.042184256,0.04171178,0.042554088,0.042928904,0.04243894,0.042348012,0.042763047,0.043027494,0.04275106,0.042733397,0.04358674,0.043321162,0.042706937,0.043355633,0.043157905,0.04307476,0.04324752,0.043197323,0.043150168
0.058277976,0.03926866,0.03949819,0.0398478,0.040171973,0.04035194,0.04094876,0.041250158,0.0413463,0.04146352,0.04194532,0.04180652,0.041533493,0.04219403,0.041721113,0.042556066,0.042937636,0.042441037,0.0423547,0.042770643,0.043038018,0.042753823,0.042737674,0.04358013,0.043320518,0.042705007,0.04336412,0.043164447,0.04308617,0.043256108,0.043177854,0.043151226
0.05828067,0.039269425,0.039502904,0.039853588,0.040166464,0.040364664,0.040957335,0.04125561,0.041350756,0.04146597,0.041955728,0.041817334,0.04154597,0.042208023,0.041729607,0.04256572,0.0429477,0.042446658,0.042364866,0.042768974,0.043052934,0.042769734,0.042744607,0.04359098,0.04331692,0.042715054,0.043373294,0.0431727,0.043085556,0.043264158,0.043182023,0.043150496
0.058281105,0.03927552,0.03950571,0.039858866,0.040169187,0.04036745,0.040962327,0.041268986,0.04136139,0.04147554,0.041965567,0.041831866,0.04154841,0.04222717,0.04172836,0.042555824,0.04296451,0.042448554,0.042369243,0.042777423,0.04306128,0.042782363,0.042747386,0.043596998,0.04332634,0.042718936,0.04338147,0.04317725,0.043087736,0.043275416,0.043189727,0.043158043
0.058277693,0.03928969,0.03951877,0.039866664,0.04017031,0.04037672,0.040971134,0.04127383,0.041370954,0.041486725,0.041971985,0.04184684,0.041559886,0.042239465,0.041735005,0.042565398,0.04297345,0.04246121,0.04237332,0.042785443,0.04306707,0.042790547,0.042752124,0.043605663,0.043330275,0.042724278,0.043389127,0.04318419,0.04309039,0.043277837,0.04319622,0.04316859
0.058276184,0.03929492,0.039526526,0.03986797,0.04017563,0.040380824,0.040978517,0.041275267,0.041368052,0.041483495,0.041982498,0.041849677,0.041564446,0.04225271,0.041739605,0.04257326,0.04296689,0.04246673,0.042377766,0.042783707,0.043072913,0.04279538,0.042761598,0.043610167,0.043339405,0.042724937,0.04339323,0.043188814,0.043093577,0.043274406,0.043203462,0.043174896
0.058277518,0.039304547,0.039534505,0.039880846,0.04018443,0.04037302,0.040988326,0.04127976,0.041373584,0.041490287,0.04199405,0.04185541,0.041568894,0.042262416,0.041741405,0.042573135,0.042977378,0.04247541,0.04238144,0.042798016,0.043081786,0.042806003,0.042765237,0.04361152,0.04334171,0.04273612,0.043402303,0.04319381,0.043098986,0.043283693,0.04321031,0.043190733
0.05828026,0.03931357,0.039543416,0.039889697,0.04019559,0.040380742,0.04100513,0.04128867,0.04138454,0.04150416,0.042004384,0.041862763,0.041576114,0.042279124,0.041752193,0.042583857,0.042992104,0.042491034,0.04239115,0.042806223,0.043090485,0.042818908,0.04277428,0.04362069,0.043343794,0.042747825,0.04341037,0.043204222,0.043106552,0.043293364,0.04321937,0.043195367
0.058282293,0.03931995,0.039548177,0.03989832,0.040193602,0.040393658,0.041009527,0.041300945,0.04139403,0.041503124,0.04201841,0.041879483,0.041584868,0.042293623,0.04175645,0.042596325,0.042998876,0.04249443,0.042402133,0.042819176,0.043097973,0.042833336,0.04279066,0.043633237,0.043358356,0.042758968,0.043422103,0.043213297,0.04312002,0.043307196,0.043227237,0.04320615
0.058285445,0.039330505,0.039553776,0.03990366,0.04018602,0.04040564,0.04101877,0.041317143,0.04140166,0.041508798,0.04203135,0.04188842,0.04159429,0.04230716,0.041768853,0.04260217,0.043008614,0.042502645,0.04241821,0.042829767,0.04311235,0.04284574,0.04281191,0.043637194,0.04336852,0.042765066,0.043429516,0.04322556,0.04312838,0.043315317,0.04323899,0.04321253
0.05827231,0.03933608,0.039561134,0.03991144,0.04019085,0.04041017,0.041023206,0.04132308,0.041400373,0.041511394,0.042030264,0.04188911,0.04159604,0.042313244,0.04175519,0.042602398,0.043006904,0.042499837,0.042420607,0.042833123,0.04312094,0.042850196,0.04281994,0.043642398,0.04336942,0.042773377,0.043425646,0.04322627,0.043129887,0.043324582,0.043244038,0.043212637
0.05827307,0.039341033,0.039556026,0.039915774,0.04017725,0.040412728,0.041018296,0.041327536,0.041402474,0.041513707,0.042032,0.04189759,0.041604076,0.04232562,0.041754633,0.04258633,0.043012887,0.04249973,0.04242733,0.042836104,0.043124884,0.042859495,0.042824473,0.04364453,0.04337475,0.042786703,0.043428928,0.043230712,0.04312833,0.043331277,0.043257643,0.043219425
0.058269255,0.039345093,0.039557785,0.039923538,0.04017786,0.040418036,0.041026052,0.041342236,0.04139769,0.04151923,0.042026717,0.041904006,0.041608416,0.042329542,0.041757245,0.04259291,0.04301931,0.042507682,0.042429578,0.04284088,0.04313246,0.04285811,0.042831555,0.043641187,0.043376528,0.04279497,0.043432344,0.043232813,0.0431278,0.043340467,0.043249693,0.04322316
