Column1,Column2,Column3,Column4,Column5,Column6,Column7,Column8,Column9,Column10,Column11,Column12,Column13,Column14,Column15,Column16,Column17,Column18,Column19,Column20,Column21,Column22,Column23,Column24,Column25,Column26,Column27,Column28,Column29,Column30,Column31,Column32,Column33,Column34,Column35,Column36,Column37,Column38,Column39,Column40,Column41,Column42,Column43,Column44,Column45,Column46,Column47,Column48,Column49,Column50
0.08112669,0.05436498,0.057748284,0.060227875,0.06399321,0.066270515,0.06812501,0.06991838,0.071824506,0.07298319,0.0742726,0.07542556,0.07642083,0.07688696,0.077678904,0.07865842,0.079251245,0.0801354,0.08001393,0.08057026,0.08104669,0.08222369,0.0825563,0.083055586,0.082877085,0.08323846,0.08309749,0.08519122,0.0844659,0.0850553,0.08389278,0.08528794,0.08516979,0.085914426,0.08595703,0.085691355,0.0857832,0.08570626,0.08657887,0.08640993,0.085910015,0.086581506,0.0867135,0.08736237,0.08676174,0.086866625,0.08735728,0.086630404,0.08801798,0.08625497
0.08058844,0.049928654,0.051015414,0.052661717,0.05356154,0.055150498,0.056496706,0.05740153,0.05787267,0.059388284,0.059637193,0.060456753,0.060799245,0.060592394,0.06119716,0.062287282,0.06248496,0.063061826,0.0628937,0.06279527,0.063211404,0.06406929,0.064556114,0.06392733,0.06445916,0.06432605,0.06389949,0.064996846,0.0643434,0.06530453,0.06485765,0.0657779,0.06585696,0.06580392,0.06563924,0.06478015,0.06576191,0.06561478,0.06641736,0.065807074,0.06562473,0.06516854,0.06570898,0.0662654,0.065970376,0.066469,0.066956885,0.06647354,0.06691572,0.065841496
0.07758106,0.043913513,0.045179363,0.04686148,0.048276518,0.04945691,0.050477233,0.051495038,0.05220553,0.05340445,0.053291626,0.053315453,0.054713823,0.053846788,0.05364696,0.054392148,0.055646718,0.055285044,0.054733977,0.055689644,0.055844262,0.05609882,0.057200126,0.056164987,0.056893606,0.05630659,0.056867775,0.056975823,0.05703218,0.057474352,0.056629445,0.056749042,0.058011256,0.058311585,0.057505183,0.056168478,0.05788312,0.058023576,0.05817309,0.057538535,0.058118917,0.057710636,0.057588197,0.058253407,0.057660036,0.058561135,0.058794416,0.058013167,0.0588786,0.05762733
0.07708551,0.04212098,0.04328529,0.044867426,0.045977406,0.047306493,0.04797839,0.04891102,0.048980463,0.05039791,0.049870066,0.050264977,0.051368397,0.05072777,0.050335012,0.05138045,0.052132066,0.05165021,0.05145002,0.052359227,0.052487645,0.052277397,0.053538498,0.052438542,0.053282075,0.052715864,0.052982133,0.05304807,0.053301264,0.05349968,0.05305394,0.05313259,0.054020092,0.05428507,0.053869877,0.052768286,0.054098785,0.0543649,0.054543987,0.053663716,0.054502726,0.054112907,0.05389893,0.054143652,0.05355052,0.05473906,0.054693297,0.054379877,0.05482148,0.05392278
0.07697505,0.04145829,0.04233961,0.043387022,0.04474266,0.045368414,0.04613212,0.047012106,0.047540057,0.04802477,0.04792546,0.048246253,0.048724815,0.048890755,0.048491154,0.049154796,0.049975347,0.049606655,0.04943016,0.05000061,0.05032666,0.050320502,0.051331718,0.050322976,0.051087312,0.050698396,0.05077618,0.050875984,0.05114118,0.05127393,0.051007986,0.05088463,0.051813584,0.0521819,0.051617377,0.05077846,0.051723517,0.05216957,0.05211923,0.051329765,0.05222948,0.05174362,0.05188495,0.051954485,0.05156747,0.052447654,0.052367665,0.05201167,0.052373283,0.05174919
0.07688547,0.040935088,0.041987274,0.043013394,0.044063345,0.044611193,0.04529947,0.04599047,0.04657939,0.04687877,0.046640504,0.047114875,0.047687292,0.04737574,0.04698825,0.047754988,0.04867537,0.048177022,0.048154607,0.048125535,0.04854352,0.04890572,0.049435325,0.0487449,0.0496513,0.048921373,0.049000416,0.049289368,0.049432307,0.049277503,0.049535673,0.049392447,0.050473705,0.050364953,0.05018101,0.04930536,0.049998213,0.05050441,0.05025494,0.050033957,0.050628137,0.050032794,0.050176643,0.050403073,0.049939137,0.05059079,0.05044494,0.05047411,0.050697636,0.050034486
0.076797575,0.04077234,0.04129155,0.042403076,0.043078195,0.04399306,0.04473703,0.045362696,0.04590654,0.0463982,0.046140693,0.04636638,0.047125127,0.04657769,0.0463429,0.04706511,0.047930308,0.047546733,0.04728415,0.047334835,0.047609642,0.048192862,0.048591994,0.048012067,0.048817,0.048169557,0.04828644,0.048521128,0.048532825,0.048508484,0.048704486,0.04869426,0.049544733,0.04941374,0.04922117,0.048601653,0.049218208,0.04957078,0.049382366,0.049232326,0.049494017,0.04919032,0.049451295,0.049489196,0.049195703,0.049664736,0.049488895,0.04951492,0.049786054,0.049128678
0.07676854,0.04061596,0.04112344,0.042247217,0.0427865,0.043921094,0.044432785,0.045065623,0.045413077,0.046008278,0.045884967,0.045895185,0.046755113,0.046019077,0.045922916,0.046542335,0.047240388,0.04704307,0.046694838,0.046865076,0.047175728,0.04771102,0.048138775,0.047499817,0.04826124,0.04750118,0.047877755,0.047973577,0.047887515,0.04808679,0.04808396,0.04811844,0.048759345,0.048683282,0.04849176,0.048076857,0.048445407,0.04891924,0.048755903,0.04856786,0.048770912,0.04852387,0.048789054,0.048912894,0.048547707,0.049014017,0.04872777,0.04881449,0.049059067,0.048454937
0.07671514,0.04048443,0.04077054,0.041643526,0.042096917,0.04346858,0.043778446,0.044588063,0.044984456,0.045585882,0.04541126,0.04530555,0.04629222,0.045498986,0.045635574,0.04599964,0.04682479,0.046378363,0.046180118,0.046394523,0.046724517,0.047173776,0.047552343,0.047036838,0.047656097,0.047118925,0.04741176,0.047438208,0.047474466,0.047602065,0.047612682,0.047461852,0.048105385,0.048024528,0.048035152,0.047662765,0.047989924,0.04832789,0.04815557,0.04798264,0.048222825,0.048086997,0.04820012,0.048419494,0.047942054,0.04847525,0.048192415,0.04826032,0.048626464,0.04796187
0.07667377,0.040501617,0.040663283,0.041431256,0.04177308,0.0431876,0.04358299,0.044341676,0.044675305,0.045279995,0.04518737,0.04506484,0.046027396,0.045200326,0.045363512,0.04566446,0.04651286,0.04609345,0.045918975,0.046137232,0.04643957,0.04687398,0.047120698,0.04667632,0.04725805,0.046714537,0.047084916,0.04710554,0.047132008,0.04724773,0.047240857,0.047098152,0.047671616,0.047670506,0.047517415,0.047347784,0.047576915,0.0479413,0.047765493,0.047529045,0.047876135,0.04759589,0.04793441,0.047946654,0.047592767,0.04807562,0.04771834,0.047852874,0.048278227,0.047529075
0.0766735,0.040534236,0.040686812,0.041357365,0.041636806,0.043123562,0.043438464,0.044204097,0.044583138,0.045138825,0.04504709,0.04490945,0.0458749,0.045025,0.045178033,0.04555621,0.04632105,0.0460326,0.04578096,0.045947473,0.04618654,0.04669074,0.046899043,0.046421982,0.046974074,0.04644573,0.046816822,0.046901725,0.046864536,0.046953794,0.04704957,0.04680302,0.047386155,0.047385015,0.04728606,0.047148876,0.047217637,0.047591638,0.047552843,0.047176503,0.04746008,0.04728019,0.04773738,0.047645405,0.047369767,0.04771611,0.047342777,0.047587346,0.047977004,0.047246974
0.07666944,0.040416375,0.040588066,0.041277822,0.04149939,0.04304484,0.04330266,0.044059567,0.044304337,0.04505256,0.044965696,0.044766806,0.045737654,0.04481032,0.045042403,0.045396887,0.0461785,0.045921933,0.04557957,0.045736052,0.04592961,0.046451654,0.046621665,0.04623662,0.046789873,0.046242055,0.04660144,0.046628166,0.04665323,0.046702705,0.04679199,0.04661909,0.04708699,0.047083642,0.046988506,0.046916723,0.047010243,0.04727758,0.047283493,0.04693686,0.04714385,0.0469586,0.04753441,0.047373317,0.04713075,0.047452375,0.047045697,0.04735684,0.04766288,0.047048565
0.07664783,0.040471327,0.04066083,0.041254897,0.041422907,0.042999722,0.04323534,0.043914042,0.044045437,0.044925775,0.044811346,0.044574536,0.045561858,0.04461327,0.04475584,0.0452142,0.04596314,0.045809355,0.045347635,0.04549792,0.045746163,0.046219528,0.046413966,0.046093713,0.04656537,0.045987204,0.046399105,0.046410013,0.046408366,0.04649556,0.046537403,0.046438336,0.04683284,0.046816435,0.046771456,0.0466915,0.04678956,0.04703674,0.047076426,0.04672107,0.046896074,0.04670197,0.04730608,0.047025207,0.046920612,0.04717537,0.04679998,0.047140222,0.04737987,0.046791345
0.07658153,0.040493194,0.040663186,0.041258465,0.041413948,0.042957023,0.043100946,0.043811522,0.04394957,0.044897463,0.044755932,0.044379387,0.04545081,0.044420645,0.044602264,0.04503199,0.045826793,0.045614332,0.045228776,0.0453892,0.04555859,0.046111904,0.04626376,0.04593341,0.046394836,0.045747783,0.04625577,0.046212085,0.04631029,0.046367705,0.04633035,0.04626915,0.046683297,0.04665782,0.046602152,0.04644734,0.046606492,0.046800163,0.046887983,0.04653454,0.046712037,0.04647737,0.04714267,0.04679753,0.046727423,0.04700141,0.046636667,0.046943597,0.04712433,0.04662742
0.07655115,0.040529914,0.04059402,0.041053936,0.04118481,0.042728648,0.042873304,0.04360852,0.04369607,0.04468538,0.044484574,0.04429002,0.04535032,0.044146687,0.044349138,0.04481094,0.045683928,0.045500904,0.045021806,0.045215804,0.045447398,0.04577261,0.046152703,0.045737896,0.046158396,0.045606814,0.046063393,0.04599003,0.046053138,0.04617316,0.046124052,0.04604003,0.046455692,0.046308305,0.04631128,0.04608156,0.04633642,0.046584614,0.04671207,0.046217736,0.046445064,0.046217117,0.046858218,0.04655262,0.046499405,0.046741888,0.046465233,0.046707388,0.04685736,0.046442572
0.07655223,0.040400412,0.04046703,0.04100593,0.041101344,0.04270871,0.04280114,0.043516584,0.043514766,0.044614013,0.04437031,0.04425584,0.045207445,0.04399996,0.044259936,0.044707675,0.045629628,0.045419548,0.04494332,0.0450919,0.045388013,0.045651168,0.046027116,0.045623846,0.046107344,0.045467358,0.045968164,0.045892708,0.04590018,0.04603759,0.045954227,0.04590245,0.046272352,0.046130937,0.04619388,0.045968413,0.046223268,0.04647018,0.046637222,0.046047375,0.04634635,0.04609477,0.046628855,0.046425242,0.046360992,0.04658285,0.046327535,0.046622645,0.046709556,0.046290006
0.0764993,0.040266566,0.040333226,0.040790297,0.040986527,0.04254665,0.042517807,0.04329271,0.04327205,0.04417832,0.044086292,0.044031277,0.045005493,0.043720987,0.04403379,0.044349615,0.04536658,0.045261372,0.044737134,0.04482291,0.04513414,0.045343205,0.045745693,0.045299806,0.04585516,0.045254696,0.045678165,0.045683715,0.045702245,0.04583757,0.04569842,0.04564248,0.046052534,0.04588754,0.045965135,0.045760285,0.046018988,0.046310477,0.04636661,0.0457943,0.046061203,0.04589119,0.04632595,0.04613821,0.046134178,0.046354998,0.046173062,0.04637603,0.04636891,0.04607458
0.076491855,0.040115755,0.04013178,0.040579315,0.040800832,0.042353917,0.042280532,0.04300605,0.04319933,0.043805648,0.043913055,0.043769896,0.044715676,0.043541383,0.04385864,0.044044066,0.04512784,0.045058224,0.044531472,0.044621926,0.04494166,0.04516113,0.045523223,0.045077555,0.045631,0.04501808,0.045480836,0.045488793,0.045449227,0.045695275,0.04551676,0.04542894,0.045814484,0.045693655,0.045701593,0.045621026,0.04580115,0.046132535,0.046165895,0.04561688,0.04585446,0.045654252,0.04609986,0.045881234,0.045893148,0.04605736,0.045936864,0.0461501,0.04610071,0.045869254
0.07648844,0.040134598,0.040148683,0.04057826,0.04080817,0.042314675,0.042266317,0.04299332,0.04312444,0.04378047,0.04385075,0.043728814,0.04473964,0.043508887,0.043827057,0.04398633,0.045129202,0.04504487,0.044536296,0.044636372,0.044883285,0.04514572,0.04546992,0.0450188,0.045562018,0.044967584,0.045424417,0.045467924,0.04541375,0.04564014,0.04543645,0.045372915,0.045764856,0.04565333,0.045654006,0.04556124,0.04573624,0.04608434,0.04608845,0.045568008,0.04578083,0.045624997,0.046041984,0.045817524,0.04582209,0.046009757,0.045832995,0.046075504,0.046001997,0.045819238
0.076480046,0.04021495,0.04019467,0.040648036,0.04077634,0.042232502,0.042230982,0.042857066,0.042907543,0.043700505,0.04373602,0.043615572,0.044630695,0.043398757,0.04357635,0.043904003,0.044969257,0.04494689,0.04443281,0.044423066,0.0446511,0.04493531,0.0453488,0.04489997,0.045398775,0.044876743,0.04532809,0.045280375,0.04533519,0.04554045,0.045286972,0.045254264,0.045648843,0.045557216,0.04550838,0.04545042,0.045590896,0.045925226,0.045891467,0.045443628,0.04567271,0.045543637,0.045841936,0.045674536,0.045670312,0.04575933,0.045664195,0.04589531,0.045882896,0.045666695
0.07647305,0.040264264,0.04024545,0.040656716,0.04075185,0.042259943,0.042219896,0.042777218,0.042881116,0.043713324,0.04368178,0.043607753,0.04458746,0.0433361,0.04351315,0.043912306,0.044923622,0.04484345,0.04439929,0.044391446,0.04460111,0.04486642,0.04531811,0.044864863,0.045317605,0.04484582,0.045304324,0.04519664,0.045263723,0.045486435,0.045192327,0.045175556,0.04556315,0.045471273,0.04545914,0.04540316,0.045530494,0.045848444,0.045788165,0.045405544,0.045582056,0.04545023,0.045755953,0.04560816,0.045619387,0.045653272,0.045598958,0.045871425,0.0458007,0.045574382
0.07646428,0.040216513,0.04022037,0.040647093,0.04073429,0.042222768,0.042169254,0.04274098,0.042778917,0.043636035,0.043573916,0.043563996,0.04453263,0.043286085,0.043395102,0.043834705,0.04482378,0.044724476,0.044341475,0.04435636,0.044509992,0.044783555,0.045219094,0.044816554,0.045265403,0.04471239,0.045221206,0.045097843,0.045187663,0.045366127,0.045105103,0.04511262,0.04544923,0.045362063,0.045339245,0.045301124,0.045388207,0.045733612,0.04570519,0.045319915,0.045464326,0.04535395,0.04565259,0.045500625,0.045558095,0.045577023,0.04549118,0.045810714,0.045703415,0.045525923
0.076424845,0.039996445,0.040044706,0.040432684,0.04062471,0.041829936,0.041933443,0.042442635,0.04257665,0.04329519,0.043300133,0.043258,0.044208046,0.043126296,0.043216523,0.043632917,0.04460024,0.044459805,0.04405585,0.044107947,0.044351928,0.04451301,0.04502604,0.04466264,0.044995666,0.044567745,0.045010507,0.04493441,0.044986185,0.045176163,0.04498092,0.044963278,0.045312334,0.04513871,0.045176152,0.04515611,0.04522788,0.04558072,0.045563474,0.045131143,0.045277584,0.045229558,0.045447912,0.04532975,0.045360174,0.04541471,0.045291986,0.045652866,0.045546997,0.045331378
0.0764178,0.040002022,0.04004606,0.040448442,0.040630803,0.041841548,0.041960806,0.042440526,0.042547528,0.04333752,0.043293748,0.04325472,0.044233527,0.043114807,0.04323649,0.04363587,0.04460134,0.0444749,0.044053294,0.04407464,0.04435508,0.04446132,0.044981003,0.044621225,0.044936676,0.04453058,0.045000855,0.04486688,0.04497281,0.045121763,0.044972707,0.044937402,0.04528288,0.045078862,0.04516265,0.045107167,0.04520711,0.045555484,0.045525998,0.045080308,0.045218203,0.045199633,0.04542388,0.04530316,0.04533997,0.04537419,0.04525937,0.04557899,0.045516398,0.045301657
0.07640879,0.040078323,0.040108677,0.040495034,0.040624104,0.041847114,0.04195241,0.042448778,0.042523474,0.04330456,0.043304943,0.043217964,0.04420378,0.043109898,0.043238744,0.043595985,0.044568624,0.044437576,0.044013273,0.044059105,0.044314887,0.04445393,0.04494592,0.04456446,0.044883534,0.044457093,0.044982243,0.044825725,0.044925466,0.045077603,0.04488556,0.044872053,0.045225903,0.04503585,0.045114897,0.04507522,0.045155704,0.045505356,0.045462552,0.045031633,0.04519376,0.045136184,0.045396395,0.045248568,0.04528035,0.045336854,0.04522098,0.045524135,0.045455,0.045245294
0.07638522,0.039955486,0.039989386,0.04036042,0.040587865,0.04173609,0.041893225,0.042349316,0.042439006,0.043254126,0.043239478,0.043115783,0.044078354,0.043053586,0.043210037,0.043549504,0.04445718,0.044339933,0.04394945,0.044024155,0.044268772,0.044393044,0.044912804,0.044445213,0.044827294,0.044392817,0.044900108,0.04476075,0.044856645,0.04497341,0.044807088,0.04482947,0.045176584,0.044970036,0.045070622,0.0450223,0.04507646,0.045437507,0.04537621,0.044970773,0.045125186,0.045075573,0.045317225,0.04516842,0.04525369,0.04528837,0.045152504,0.04545074,0.04538648,0.04517621
0.07639804,0.040014256,0.040048067,0.04040926,0.040609643,0.04177646,0.04189988,0.042381413,0.042471323,0.043242067,0.043208655,0.043134797,0.044064023,0.04301084,0.043200955,0.04353668,0.044436585,0.04430772,0.04397035,0.044006795,0.04421793,0.044352673,0.044854898,0.044383783,0.044781547,0.044332538,0.04488742,0.044720057,0.04479721,0.044939585,0.044738553,0.04477839,0.045141134,0.04495003,0.0450361,0.044999037,0.045004092,0.045347843,0.045334857,0.04489184,0.04507554,0.045025095,0.045282636,0.04514547,0.045216065,0.045242224,0.04511204,0.045430224,0.045294605,0.045109235
0.07639092,0.04003871,0.040085286,0.04044265,0.04060387,0.04181726,0.041908674,0.042405505,0.04249918,0.043264505,0.043227535,0.043191455,0.04407383,0.042997424,0.043221764,0.043538574,0.044435844,0.044307325,0.043949008,0.044051025,0.0441979,0.04435775,0.04489228,0.044384103,0.04479148,0.044311833,0.04489751,0.044733003,0.044796187,0.044943325,0.04473751,0.044786245,0.04515523,0.044923555,0.045033067,0.04499884,0.04499298,0.04531392,0.045323066,0.04486853,0.04507343,0.04500687,0.045282356,0.04514789,0.045202024,0.045236506,0.045132864,0.04538575,0.04525994,0.045082185
0.07639355,0.04007156,0.04011766,0.040453058,0.04057007,0.04185818,0.04193618,0.042423114,0.042483967,0.043306064,0.043233432,0.043228477,0.0440853,0.04300715,0.043238655,0.043572176,0.04445545,0.044318292,0.043942727,0.04407393,0.044192348,0.04433873,0.044892278,0.044394698,0.04478264,0.04431185,0.044890355,0.04471067,0.04479937,0.044954706,0.044778533,0.044792105,0.04516175,0.04491665,0.045022078,0.044975124,0.044980608,0.045323472,0.045314338,0.04485411,0.04504879,0.04498783,0.045278724,0.04516212,0.045187626,0.045220453,0.045132775,0.045361783,0.045304872,0.04508506
0.07637358,0.040127262,0.040182445,0.040490985,0.04060073,0.041866705,0.041960873,0.04244951,0.042507682,0.043310463,0.043259133,0.04323581,0.044100124,0.042977378,0.043231357,0.04357481,0.044443607,0.044334076,0.043943357,0.044056404,0.044172253,0.044333823,0.044866048,0.044412073,0.04477067,0.04427586,0.044849362,0.044694677,0.04479237,0.044956326,0.044757973,0.04478006,0.04513769,0.04490696,0.0450044,0.044940088,0.04497001,0.04527634,0.045246553,0.04482049,0.045039758,0.044943742,0.04525997,0.045142557,0.04517183,0.04518565,0.045109276,0.04536027,0.04525875,0.04506512
0.07638042,0.040174916,0.04021445,0.040526174,0.040607553,0.041855607,0.0419584,0.042440142,0.042435665,0.04327046,0.043212768,0.04323212,0.044042785,0.0429423,0.043210942,0.043580618,0.04441203,0.04426651,0.043898765,0.04403747,0.044125825,0.04426915,0.044820175,0.04438636,0.04468988,0.044275686,0.044775352,0.044628363,0.0446713,0.04490209,0.044719316,0.044747822,0.04511176,0.04479362,0.044942264,0.04488164,0.0449337,0.04521783,0.045188356,0.044763234,0.045000985,0.04492566,0.045202415,0.045137625,0.04514776,0.04509899,0.045033406,0.045254953,0.04519331,0.044987474
0.0763692,0.040208016,0.040232904,0.04055212,0.040587842,0.04183271,0.041919142,0.04240216,0.0423199,0.04326795,0.04306481,0.043198127,0.0439744,0.04287921,0.0430737,0.04354165,0.04431085,0.044196803,0.04387349,0.04400127,0.044064816,0.04417697,0.044620667,0.04430808,0.044644013,0.04419134,0.044693813,0.044523846,0.044619754,0.044802252,0.044617523,0.044689413,0.04502904,0.044718552,0.0449034,0.04481075,0.04486045,0.045140453,0.04510071,0.044678636,0.04491882,0.044859253,0.045113187,0.04505312,0.04502841,0.045031857,0.044938877,0.04518639,0.045129843,0.04494104
0.07636413,0.040098213,0.040153448,0.040487677,0.040552434,0.04182035,0.041878656,0.04238268,0.042305935,0.043281093,0.04302525,0.043142576,0.04396363,0.042863116,0.043055467,0.04349298,0.04423746,0.04412668,0.043825973,0.043972857,0.04404389,0.044164643,0.044581547,0.044279005,0.04459992,0.04416632,0.044638563,0.044478405,0.044564392,0.04475211,0.044573452,0.04464328,0.04499052,0.044690523,0.044848427,0.04478711,0.044833764,0.045115948,0.04504196,0.044659235,0.044881955,0.044811223,0.04506586,0.045026757,0.045018863,0.044972133,0.044888552,0.045156434,0.045099538,0.044909388
0.07636338,0.04007614,0.040098477,0.040464323,0.040530913,0.041691273,0.04175878,0.04221209,0.042171415,0.04307263,0.04280524,0.043045975,0.043744326,0.04273139,0.042850435,0.043391258,0.0441272,0.04402337,0.0436967,0.04376522,0.04385743,0.044063587,0.0443998,0.044177074,0.044493023,0.04405987,0.0444916,0.044360854,0.044419166,0.044605464,0.044436738,0.04456774,0.04485609,0.044558134,0.044743128,0.044653855,0.0446785,0.04498294,0.04491048,0.044561014,0.044772245,0.044686455,0.04489312,0.044901103,0.044919204,0.04487141,0.04473592,0.045060236,0.04493298,0.044805776
0.076364756,0.04007399,0.040105496,0.040472087,0.04053161,0.041654624,0.04177267,0.04219945,0.042175457,0.043082196,0.042810224,0.043032546,0.04375705,0.042745918,0.04284933,0.043389715,0.044147626,0.04403677,0.043709204,0.043788247,0.043844793,0.04404493,0.044403493,0.044172853,0.044465125,0.04405806,0.044506673,0.04434664,0.044398,0.04458905,0.044423718,0.04456046,0.044844918,0.04454549,0.04471564,0.04465504,0.044683177,0.044962164,0.044897832,0.04453317,0.044744354,0.044659317,0.044881318,0.04488029,0.044894665,0.044874925,0.04472177,0.04502119,0.044926636,0.044780485
0.07635905,0.040022198,0.040038113,0.040341284,0.04046926,0.041426733,0.04162466,0.04199146,0.042037882,0.04299025,0.042571004,0.042936344,0.043608278,0.042706884,0.042684533,0.043360285,0.044097174,0.04393989,0.043624535,0.04367807,0.043689787,0.043907803,0.044254117,0.04406857,0.044327743,0.0439599,0.044345427,0.044229083,0.044280473,0.044428356,0.044329584,0.0444868,0.044732694,0.044486843,0.044624038,0.04457408,0.044545166,0.04486963,0.044789147,0.04440298,0.044632927,0.04455212,0.044791456,0.04477937,0.044781726,0.044740196,0.044605963,0.044911273,0.04484887,0.044697467
0.07633521,0.040068086,0.04007334,0.040354457,0.040443417,0.041389495,0.04156629,0.0418958,0.04194415,0.042926557,0.04248522,0.042934418,0.043553777,0.042658467,0.042595245,0.04334235,0.04403849,0.04390702,0.043587066,0.043665517,0.043656167,0.04387817,0.04419717,0.044020165,0.04429138,0.043928325,0.04429329,0.044157382,0.044221416,0.044366937,0.044251263,0.04442227,0.04466061,0.044455398,0.044594523,0.04450797,0.04449185,0.044776477,0.044716123,0.04436656,0.04461691,0.04449129,0.04473387,0.04470634,0.044722423,0.044690084,0.044550944,0.04486536,0.0448046,0.044643883
0.0763267,0.039972145,0.040044386,0.04032197,0.04043175,0.04132798,0.0414793,0.041805096,0.041873828,0.04283437,0.04236771,0.04287695,0.04341412,0.04258368,0.042480037,0.043188456,0.043969925,0.043804005,0.043461837,0.04354578,0.04356185,0.04374995,0.04404982,0.04389915,0.044215623,0.04387186,0.044172924,0.044044144,0.044132173,0.044212982,0.04412692,0.044265795,0.0444613,0.04434481,0.04449885,0.044371452,0.044409476,0.044662572,0.04460176,0.04427094,0.04452457,0.044443842,0.044550132,0.044596557,0.044585686,0.04461899,0.04448298,0.044799954,0.044678412,0.044549376
0.07631617,0.03985761,0.039945565,0.040253643,0.04039579,0.04122479,0.041398842,0.041701198,0.041819826,0.042701524,0.042281497,0.0427704,0.043259114,0.042524733,0.042417556,0.04309199,0.043840457,0.04371847,0.04337107,0.04340823,0.04351937,0.043697927,0.043913946,0.043834414,0.044090454,0.043767802,0.044035506,0.043944433,0.044019762,0.044086024,0.044070546,0.04419056,0.04438819,0.044260494,0.044416025,0.044320114,0.04430889,0.04457679,0.044507023,0.04418317,0.04445429,0.044390764,0.04449731,0.04451056,0.04450995,0.044538677,0.04442549,0.04473801,0.044570412,0.044457804
0.076314256,0.039834682,0.03994379,0.04018997,0.04037034,0.04117781,0.04135114,0.041647058,0.04181676,0.04263009,0.042248677,0.042733118,0.04322434,0.042496994,0.042391058,0.04301545,0.043810893,0.043666,0.04335616,0.04334661,0.043498546,0.04361912,0.043877564,0.04377083,0.044040963,0.043696962,0.043974664,0.043895278,0.043983325,0.04405548,0.044051606,0.044174444,0.044349875,0.04420716,0.044349425,0.04428083,0.044276338,0.04456081,0.044483423,0.044167858,0.044412863,0.04437365,0.04442336,0.044465657,0.04448341,0.044495676,0.044393666,0.044702627,0.044500362,0.044415183
0.07631864,0.039822172,0.03988493,0.040121917,0.04031486,0.041110925,0.041312236,0.041564345,0.04179629,0.042511962,0.042247403,0.042661946,0.043160863,0.0424741,0.04240139,0.04294163,0.04374157,0.043587945,0.043320358,0.043263327,0.043483295,0.043569848,0.043816954,0.043740615,0.04398618,0.043619208,0.043916225,0.043842472,0.043929186,0.044021852,0.044001117,0.044113375,0.044304926,0.044159375,0.044294525,0.044225425,0.04420142,0.044500444,0.044433437,0.04414292,0.04436663,0.044328034,0.044383343,0.044402033,0.044431925,0.044438433,0.04434807,0.044673957,0.04445004,0.044386014
0.07631209,0.039738484,0.039812107,0.04003339,0.040258802,0.04096684,0.041200206,0.041418422,0.04169164,0.04232121,0.042087927,0.04252345,0.042984962,0.0424113,0.042295884,0.042831335,0.04357327,0.043466322,0.043160494,0.043156687,0.04338244,0.04347143,0.043678954,0.043657742,0.04387492,0.043567583,0.043820534,0.043741,0.043843627,0.043917105,0.04390761,0.043999836,0.044163164,0.04406833,0.044190876,0.04411656,0.044095255,0.044386208,0.044329107,0.044045236,0.044264637,0.044233188,0.044234674,0.04430022,0.044327658,0.04434363,0.04423208,0.0445734,0.044382386,0.04429098
0.07630468,0.039769083,0.039830215,0.04004589,0.040262748,0.040993504,0.041222885,0.04142988,0.041690733,0.042340044,0.042119633,0.042543866,0.043007556,0.042424206,0.042320885,0.042847913,0.043589815,0.04346059,0.043170936,0.043156173,0.0433778,0.0434952,0.043710656,0.043660346,0.04389025,0.043574665,0.043843463,0.043759212,0.04385252,0.04393115,0.043905646,0.043985747,0.04418065,0.044068743,0.04416298,0.044108123,0.044099744,0.044358194,0.044334535,0.044043265,0.04426865,0.044222943,0.044249568,0.044300906,0.044309363,0.044362083,0.04422935,0.044568453,0.04439061,0.044312336
0.076284386,0.03975967,0.039833445,0.040054232,0.04026915,0.041007504,0.041234415,0.041449238,0.04168942,0.042360093,0.042110346,0.042548046,0.04304496,0.042440783,0.04232233,0.042868793,0.043589115,0.043487452,0.043200884,0.0431709,0.043368954,0.04348644,0.04372083,0.043671515,0.043913487,0.04359474,0.043863975,0.04374146,0.04384234,0.043939967,0.043911878,0.0439976,0.044186536,0.044061635,0.044145055,0.044118892,0.044108428,0.04435371,0.044345316,0.04404649,0.044268418,0.044221822,0.044251036,0.044322047,0.04431056,0.044367254,0.04420752,0.044566974,0.044390593,0.044330925
0.07627668,0.03975307,0.039840754,0.04006113,0.040265385,0.04103603,0.04125867,0.041470382,0.041699566,0.04239228,0.04213504,0.042568747,0.04305723,0.042455617,0.042335704,0.042886116,0.04360906,0.043499243,0.043215923,0.0431965,0.043391578,0.043484073,0.043732807,0.043690037,0.04393699,0.043602306,0.043878105,0.04375407,0.043865815,0.043959204,0.043909904,0.043993596,0.044202268,0.044072557,0.044132546,0.044158056,0.04411062,0.044347398,0.044353567,0.044064272,0.044276003,0.044231683,0.0442734,0.04434024,0.044308003,0.0443905,0.044234063,0.044565406,0.04440701,0.04433033
0.07627836,0.03978178,0.039872892,0.040082246,0.040287107,0.0410189,0.041256152,0.041494075,0.041684173,0.04239163,0.042120844,0.042597514,0.04301958,0.04245799,0.04234045,0.04288423,0.043607567,0.043476764,0.043230403,0.043189228,0.043384783,0.043443162,0.043744363,0.043691713,0.043909285,0.04360302,0.043857705,0.043711267,0.043787606,0.04396263,0.043881617,0.04397292,0.04415772,0.044007253,0.044080175,0.04410943,0.04409059,0.044318568,0.044331796,0.0440222,0.04424866,0.044229638,0.044251267,0.044337127,0.044295393,0.04436634,0.044167887,0.044488724,0.044372503,0.044294074
0.076285996,0.039679825,0.03981032,0.04004016,0.04026853,0.04100733,0.041228596,0.041483868,0.041657876,0.042387,0.04209619,0.04254239,0.042999074,0.04240902,0.04229906,0.042829573,0.043580163,0.04340213,0.04319023,0.043173745,0.0433468,0.043414067,0.04372975,0.043634642,0.043868344,0.043558914,0.043824024,0.04368014,0.04376786,0.043912675,0.04385127,0.043923687,0.04411617,0.043973424,0.044052143,0.044087652,0.044061106,0.044279214,0.04429362,0.04397786,0.04422861,0.044183806,0.044201706,0.04429206,0.044238485,0.0443424,0.044138998,0.044437073,0.044320766,0.044233736
0.07627755,0.0397139,0.039844226,0.040067293,0.0402839,0.04100696,0.041228857,0.041474074,0.041655455,0.04231614,0.042090077,0.042560875,0.042980917,0.04241753,0.04226351,0.042771757,0.043480657,0.043416552,0.043195523,0.043123025,0.043310363,0.043389548,0.04368586,0.043615665,0.043859348,0.043551277,0.043801054,0.043680772,0.0437572,0.043883063,0.043826114,0.043908123,0.044090174,0.04390119,0.04403701,0.044060275,0.044040233,0.044222493,0.044247765,0.043933775,0.04422115,0.044135977,0.044180803,0.044286497,0.044222724,0.044327583,0.044145964,0.044452284,0.044316974,0.04422315
0.07628392,0.039636977,0.039776925,0.04000158,0.040236577,0.040891167,0.041137647,0.041362997,0.04156528,0.042170882,0.04197518,0.04244844,0.04283767,0.04236928,0.042158663,0.042695638,0.043347545,0.04330642,0.04309073,0.043021485,0.0432337,0.043312103,0.04357009,0.043532867,0.043766495,0.043494195,0.04371139,0.04361286,0.04369062,0.04381011,0.04376081,0.04384654,0.043989167,0.043841943,0.04397665,0.0439783,0.043972198,0.04412074,0.044178512,0.043856468,0.04414137,0.0440716,0.044095155,0.04419922,0.044142067,0.044245932,0.04404666,0.044352707,0.04426375,0.044147532
0.076276325,0.03965794,0.03978642,0.040015567,0.040250532,0.040907647,0.041153945,0.041382905,0.04157113,0.042198185,0.04200221,0.04247459,0.04286845,0.042395502,0.042183537,0.042701755,0.043352794,0.043318603,0.043110464,0.04304158,0.043254,0.043337017,0.04358116,0.04354902,0.043777127,0.043511067,0.043726653,0.043631542,0.043695748,0.043814104,0.04376019,0.043845225,0.043980036,0.04384222,0.043983944,0.04398679,0.043983705,0.044144318,0.04417832,0.04387791,0.044141103,0.044086434,0.044111203,0.044211194,0.044153135,0.044235893,0.044062927,0.044368036,0.044279214,0.044151794
